<application>
  <component name="com.intellij.ide.ui.customization.CustomActionsSchema">
    <group value="RunConfigurationAsAction_Run_Copy Mercurial branch name_default_target" is_action="true" action_type="1" position="9">
      <path value="root" />
      <path value="Main menu" />
      <path value="VCS" />
      <option name="myInitialPosition" value="-1" />
    </group>
    <action id="RunConfigurationAsAction_Coverage_Copy Mercurial branch name_default_target" icon="$USER_HOME$/Pictures/Run .png" />
    <action id="RunConfigurationAsAction_Run_Copy Mercurial branch name_default_target" icon="$USER_HOME$/.icons/Ultra-Flat/apps/scalable/applications-engineering.svg" />
  </component>
</application>