<application>
  <component name="FileTypeManager" version="18">
    <ignoreFiles list="*$py.class;*.orig;*.pyc;*.pyo;*.rbc;*.yarb;*~;.DS_Store;.git;.hg;.svn;CVS;__pycache__;_svn;vssver.scc;vssver2.scc;" />
    <extensionMap>
      <mapping pattern="refresh-docker-images" type="AUTO_DETECTED" />
      <mapping pattern="anacrontab" type="AUTO_DETECTED" />
      <mapping pattern="104079-biorxiv" type="AUTO_DETECTED" />
      <mapping pattern="install-sonarqube" type="AUTO_DETECTED" />
      <mapping pattern=".coveragerc" type="PLAIN_TEXT" />
      <mapping ext="wsgi" type="PLAIN_TEXT" />
      <mapping ext="log" type="PLAIN_TEXT" />
      <mapping ext="jenkinsfile" type="PLAIN_TEXT" />
      <removed_mapping ext="env" approved="true" type="Env File" />
      <removed_mapping ext="ignore" approved="true" type="IgnoreLang file" />
      <removed_mapping ext="txt" approved="true" type="PLAIN_TEXT" />
      <removed_mapping pattern=".env" approved="true" type="Env File" />
      <removed_mapping pattern=".env.*" approved="true" type="Env File" />
    </extensionMap>
  </component>
</application>