<application>
  <component name="GeneralSettings">
    <option name="confirmExit" value="false" />
    <option name="processCloseConfirmation" value="TERMINATE" />
    <option name="showTipsOnStartup" value="false" />
  </component>
  <component name="Registry">
    <entry key="ide.balloon.shadow.size" value="0" />
  </component>
  <component name="StatusBar">
    <option name="widgets">
      <map>
        <entry key="IdeaVim-Icon" value="false" />
        <entry key="com.intellij.psi.codeStyle.statusbar.CodeStyleStatusBarWidget" value="false" />
        <entry key="mtStatusBar" value="false" />
      </map>
    </option>
  </component>
</application>