<application>
  <component name="MaterialThemeConfig">
    <option name="compactMenus" value="true" />
    <option name="highContrast" value="true" />
    <option name="premium" value="true" />
    <option name="allowDataCollection" value="true" />
    <option name="isCompactMenus" value="true" />
    <option name="isHighContrast" value="true" />
    <option name="isWizardShown" value="true" />
    <option name="accentColor" value="009688" />
    <option name="userId" value="b2b189f:173c330082c:-8000" />
    <option name="version" value="6.4.2.1" />
  </component>
</application>