<application>
  <component name="SshConfigs">
    <configs>
      <sshConfig authType="PASSWORD" connectionConfig="{&quot;serverAliveInterval&quot;:300}" host="localhost" id="44b48359-27bc-4fb9-8ea4-278c22be254f" port="2222" customName="HUM Container" nameFormat="CUSTOM" username="root">
        <option name="customName" value="HUM Container" />
      </sshConfig>
      <sshConfig authType="PASSWORD" connectionConfig="{&quot;serverAliveInterval&quot;:300}" host="localhost" id="58246c78-a5d8-4b93-a42d-7ca2a0c86c53" port="2280" nameFormat="DESCRIPTIVE" username="root" />
    </configs>
  </component>
</application>