<application>
  <component name="WebServers">
    <sftpAdvancedGlobalOptions>
      <SftpAdvancedOptions hostKeyCheckingLevel="NO">
        <option name="hostKeyCheckingLevel" value="NO" />
      </SftpAdvancedOptions>
    </sftpAdvancedGlobalOptions>
    <option name="servers">
      <webServer id="f6617bbd-b4d8-4fff-b5f1-b3c5e100c45f" name="HUM Container" url="http://localhost:8000">
        <fileTransfer accessType="SFTP" host="localhost" port="2222" sshConfigId="44b48359-27bc-4fb9-8ea4-278c22be254f" sshConfig="HUM Container" />
      </webServer>
      <webServer id="e2c0a00c-5ab5-4c1e-b067-a289ab33dc41" name="list_service" url="http://localhost">
        <fileTransfer accessType="SFTP" host="localhost" port="2280" sshConfigId="58246c78-a5d8-4b93-a42d-7ca2a0c86c53" sshConfig="root@localhost:2280 password" />
      </webServer>
    </option>
  </component>
</application>