<keymap version="1" name="GNOME copy" parent="Default for GNOME">
  <action id="EditorDown">
    <keyboard-shortcut first-keystroke="down" />
    <keyboard-shortcut first-keystroke="altGraph down" />
  </action>
  <action id="EditorLeft">
    <keyboard-shortcut first-keystroke="left" />
    <keyboard-shortcut first-keystroke="altGraph left" />
  </action>
  <action id="EditorRight">
    <keyboard-shortcut first-keystroke="right" />
    <keyboard-shortcut first-keystroke="altGraph right" />
  </action>
  <action id="EditorUp">
    <keyboard-shortcut first-keystroke="up" />
    <keyboard-shortcut first-keystroke="altGraph up" />
  </action>
  <action id="RunConfigurationAsAction_Run_Copy Mercurial branch name_default_target">
    <keyboard-shortcut first-keystroke="shift ctrl f1" />
  </action>
  <action id="Tool_External Tools_Black">
    <keyboard-shortcut first-keystroke="ctrl alt back_slash" />
  </action>
</keymap>